id,order_date,customer_code,product_code,unit_price,quantity
1,2021-01-01T00:00:00Z,B0003,DK-158,301.33,1
2,2021-01-01T00:00:00Z,B0002,IQ-794,214.20,2
3,2021-01-01T00:00:00Z,B0003,HL-061,537.02,2
4,2021-01-01T00:00:00Z,B0003,WO-964,639.44,3
5,2021-01-01T00:00:00Z,B0003,FK-412,866.87,5
6,2021-01-01T00:00:00Z,B0002,AV-371,860.14,4
7,2021-01-01T00:00:00Z,B0002,QW-524,517.21,2
8,2021-01-01T00:00:00Z,B0001,TE-010,223.83,2
9,2021-01-01T00:00:00Z,B0001,OU-289,109.13,5
10,2021-01-01T00:00:00Z,B0003,DC-826,787.73,4
11,2021-01-01T00:00:00Z,B0003,MV-893,342.76,2
12,2021-01-01T00:00:00Z,B0003,XF-656,611.16,1
13,2021-01-01T00:00:00Z,B0003,IO-211,566.31,3
14,2021-01-01T00:00:00Z,B0002,RN-547,579.15,5
15,2021-01-01T00:00:00Z,B0002,PX-368,818.19,3
16,2021-01-01T00:00:00Z,B0001,UC-150,908.66,4
17,2021-01-01T00:00:00Z,B0001,HU-578,410.26,4
18,2021-01-01T00:00:00Z,B0001,VY-600,942.86,1
19,2021-01-01T00:00:00Z,B0003,EX-610,153.52,4
20,2021-01-01T00:00:00Z,B0001,BN-165,169.26,3
21,2021-01-01T00:00:00Z,B0001,ZP-917,916.92,5
22,2021-01-01T00:00:00Z,B0003,MP-767,991.26,2
23,2021-01-01T00:00:00Z,B0001,WC-678,862.99,1
24,2021-01-01T00:00:00Z,B0001,TF-135,575.56,4
25,2021-01-01T00:00:00Z,B0003,NC-381,350.49,5
26,2021-01-01T00:00:00Z,B0002,ID-275,112.33,4
27,2021-01-01T00:00:00Z,B0001,BI-168,794.79,1
28,2021-01-01T00:00:00Z,B0002,AL-225,257.70,4
29,2021-01-01T00:00:00Z,B0003,YB-601,826.22,2
30,2021-01-01T00:00:00Z,B0002,VU-034,420.29,1
31,2021-01-01T00:00:00Z,B0001,GT-846,322.06,3
32,2021-01-01T00:00:00Z,B0003,FP-022,910.69,1
33,2021-01-01T00:00:00Z,B0002,NG-791,454.20,4
34,2021-01-01T00:00:00Z,B0002,AH-352,183.75,1
35,2021-01-01T00:00:00Z,B0003,ND-186,311.58,1
36,2021-01-01T00:00:00Z,B0003,HF-681,592.49,2
37,2021-01-01T00:00:00Z,B0003,UA-589,923.31,5
38,2021-01-01T00:00:00Z,B0002,BL-028,559.34,5
39,2021-01-01T00:00:00Z,B0002,FH-614,388.96,4
40,2021-01-01T00:00:00Z,B0002,WA-640,340.43,2
41,2021-01-01T00:00:00Z,B0001,SG-534,369.99,2
42,2021-01-01T00:00:00Z,B0003,GC-510,883.08,4
43,2021-01-01T00:00:00Z,B0001,GN-583,260.81,5
44,2021-01-01T00:00:00Z,B0002,ZU-847,574.90,3
45,2021-01-01T00:00:00Z,B0001,TQ-133,349.90,1
46,2021-01-01T00:00:00Z,B0001,LQ-756,271.97,5
47,2021-01-01T00:00:00Z,B0003,BF-856,231.30,5
48,2021-01-01T00:00:00Z,B0002,JB-370,866.84,4
49,2021-01-01T00:00:00Z,B0002,HF-608,567.86,4
50,2021-01-01T00:00:00Z,B0002,SI-635,391.10,4
51,2021-01-01T00:00:00Z,B0002,KN-881,223.30,5
52,2021-01-01T00:00:00Z,B0001,AM-751,889.62,1
53,2021-01-01T00:00:00Z,B0001,HY-491,242.14,4
54,2021-01-01T00:00:00Z,B0001,DV-059,680.35,2
55,2021-01-01T00:00:00Z,B0003,VR-145,821.78,3
56,2021-01-01T00:00:00Z,B0002,YH-611,810.18,3
57,2021-01-01T00:00:00Z,B0001,NV-102,714.28,3
58,2021-01-01T00:00:00Z,B0001,GH-875,646.69,4
59,2021-01-01T00:00:00Z,B0003,TR-512,628.92,1
60,2021-01-01T00:00:00Z,B0001,KV-192,787.33,1
61,2021-01-01T00:00:00Z,B0002,RV-216,723.13,3
62,2021-01-01T00:00:00Z,B0003,RQ-781,264.73,4
63,2021-01-01T00:00:00Z,B0001,VA-375,484.00,4
64,2021-01-01T00:00:00Z,B0003,DJ-962,497.34,1
65,2021-01-01T00:00:00Z,B0002,ZC-498,472.35,5
66,2021-01-01T00:00:00Z,B0002,OM-689,707.38,4
67,2021-01-01T00:00:00Z,B0001,FM-701,886.10,1
68,2021-01-01T00:00:00Z,B0003,KQ-605,859.53,5
69,2021-01-01T00:00:00Z,B0001,LU-323,784.30,1
70,2021-01-01T00:00:00Z,B0002,LG-995,597.70,2
71,2021-01-01T00:00:00Z,B0003,IX-053,342.92,3
72,2021-01-01T00:00:00Z,B0003,CF-452,455.37,1
73,2021-01-01T00:00:00Z,B0002,JE-189,361.01,2
74,2021-01-01T00:00:00Z,B0002,MO-614,485.75,4
75,2021-01-01T00:00:00Z,B0003,ZA-231,631.73,1
76,2021-01-01T00:00:00Z,B0001,GH-929,716.99,1
77,2021-01-01T00:00:00Z,B0001,BS-093,149.22,4
78,2021-01-01T00:00:00Z,B0003,TB-636,762.66,4
79,2021-01-01T00:00:00Z,B0001,RF-332,102.45,1
80,2021-01-01T00:00:00Z,B0002,SF-184,613.68,4
81,2021-01-01T00:00:00Z,B0002,FL-227,395.42,3
82,2021-01-01T00:00:00Z,B0002,VB-567,558.98,5
83,2021-01-01T00:00:00Z,B0003,QO-564,151.79,3
84,2021-01-01T00:00:00Z,B0003,HV-595,319.19,3
85,2021-01-01T00:00:00Z,B0003,IH-679,804.23,1
86,2021-01-01T00:00:00Z,B0002,NM-076,956.88,5
87,2021-01-01T00:00:00Z,B0002,LF-388,151.45,1
88,2021-01-01T00:00:00Z,B0002,ZX-284,761.22,5
89,2021-01-01T00:00:00Z,B0001,AM-311,377.60,4
90,2021-01-01T00:00:00Z,B0001,XQ-893,738.05,3
91,2021-01-01T00:00:00Z,B0003,AK-110,631.63,4
92,2021-01-01T00:00:00Z,B0003,JR-969,172.71,4
93,2021-01-01T00:00:00Z,B0001,SU-801,840.24,2
94,2021-01-01T00:00:00Z,B0003,KW-101,542.33,1
95,2021-01-01T00:00:00Z,B0002,KN-349,810.48,4
96,2021-01-01T00:00:00Z,B0002,MG-681,990.62,3
97,2021-01-01T00:00:00Z,B0001,LQ-171,896.01,1
98,2021-01-01T00:00:00Z,B0002,XE-363,794.05,2
99,2021-01-01T00:00:00Z,B0003,NF-675,151.08,4
100,2021-01-01T00:00:00Z,B0001,QB-730,237.94,3
101,2021-01-01T00:00:00Z,B0001,TS-849,185.09,3
102,2021-01-01T00:00:00Z,B0002,FP-233,811.43,4
103,2021-01-01T00:00:00Z,B0002,CD-639,969.34,3
104,2021-01-01T00:00:00Z,B0002,QY-252,582.50,3
105,2021-01-01T00:00:00Z,B0003,SE-708,642.62,1
106,2021-01-01T00:00:00Z,B0001,XH-850,170.06,1
107,2021-01-01T00:00:00Z,B0002,MS-814,784.34,2
108,2021-01-01T00:00:00Z,B0001,HV-017,687.35,2
109,2021-01-01T00:00:00Z,B0001,KD-766,578.40,4
110,2021-01-01T00:00:00Z,B0001,KR-156,442.50,2
111,2021-01-01T00:00:00Z,B0002,JE-779,182.98,4
112,2021-01-01T00:00:00Z,B0002,CR-902,295.19,2
113,2021-01-01T00:00:00Z,B0001,TZ-274,753.53,5
114,2021-01-01T00:00:00Z,B0001,DZ-930,161.71,3
115,2021-01-01T00:00:00Z,B0002,XM-798,945.25,4
116,2021-01-01T00:00:00Z,B0002,IA-732,910.08,3
117,2021-01-01T00:00:00Z,B0001,PT-850,548.10,2
118,2021-01-01T00:00:00Z,B0002,DU-982,941.16,4
119,2021-01-01T00:00:00Z,B0003,UH-162,991.47,3
120,2021-01-01T00:00:00Z,B0001,BI-389,318.02,3
121,2021-01-01T00:00:00Z,B0002,YQ-190,344.51,5
122,2021-01-01T00:00:00Z,B0003,MJ-692,873.67,5
123,2021-01-01T00:00:00Z,B0001,VU-496,535.49,1
124,2021-01-01T00:00:00Z,B0003,ET-774,857.67,5
125,2021-01-01T00:00:00Z,B0003,XY-007,338.05,4
126,2021-01-01T00:00:00Z,B0001,SA-659,860.09,5
127,2021-01-01T00:00:00Z,B0002,VE-492,357.26,2
128,2021-01-01T00:00:00Z,B0002,JA-637,125.17,5
129,2021-01-01T00:00:00Z,B0003,YH-558,236.05,5
130,2021-01-01T00:00:00Z,B0001,KS-826,205.84,3
131,2021-01-01T00:00:00Z,B0002,DX-381,964.82,2
132,2021-01-01T00:00:00Z,B0003,WG-099,750.58,1
133,2021-01-01T00:00:00Z,B0002,ZW-239,456.70,3
134,2021-01-01T00:00:00Z,B0002,OA-591,301.81,4
135,2021-01-01T00:00:00Z,B0003,YW-072,761.60,4
136,2021-01-01T00:00:00Z,B0002,AI-426,909.20,4
137,2021-01-01T00:00:00Z,B0002,XM-062,802.29,2
138,2021-01-01T00:00:00Z,B0003,HK-182,696.97,5
139,2021-01-01T00:00:00Z,B0002,VD-416,269.86,4
140,2021-01-01T00:00:00Z,B0003,TN-069,597.47,4
141,2021-01-01T00:00:00Z,B0002,PI-917,882.57,1
142,2021-01-01T00:00:00Z,B0003,GE-666,399.56,2
143,2021-01-01T00:00:00Z,B0001,VI-772,658.77,2
144,2021-01-01T00:00:00Z,B0003,KW-139,156.74,3
145,2021-01-01T00:00:00Z,B0001,HD-320,976.37,3
146,2021-01-01T00:00:00Z,B0001,NI-665,803.28,2
147,2021-01-01T00:00:00Z,B0001,XO-079,385.26,2
148,2021-01-01T00:00:00Z,B0002,UJ-364,320.64,1
149,2021-01-01T00:00:00Z,B0001,LG-059,866.80,4
150,2021-01-01T00:00:00Z,B0001,FR-427,258.17,5
151,2021-01-01T00:00:00Z,B0003,DL-363,118.63,2
152,2021-01-01T00:00:00Z,B0002,JL-237,755.58,3
153,2021-01-01T00:00:00Z,B0002,MZ-006,937.99,1
154,2021-01-01T00:00:00Z,B0001,UG-932,686.55,4
155,2021-01-01T00:00:00Z,B0003,PA-354,382.76,1
156,2021-01-01T00:00:00Z,B0002,RV-255,707.69,5
157,2021-01-01T00:00:00Z,B0002,LN-705,947.44,2
158,2021-01-01T00:00:00Z,B0001,OK-431,395.36,4
159,2021-01-01T00:00:00Z,B0002,UQ-891,932.27,5
160,2021-01-01T00:00:00Z,B0002,ZF-119,343.01,1
161,2021-01-01T00:00:00Z,B0003,GM-748,617.82,4
162,2021-01-01T00:00:00Z,B0002,HK-511,946.63,4
163,2021-01-01T00:00:00Z,B0002,FU-023,670.75,5
164,2021-01-01T00:00:00Z,B0001,MJ-168,387.23,2
165,2021-01-01T00:00:00Z,B0001,HZ-164,680.44,3
166,2021-01-01T00:00:00Z,B0002,QI-360,699.57,2
167,2021-01-01T00:00:00Z,B0002,YO-633,505.09,4
168,2021-01-01T00:00:00Z,B0003,OQ-736,368.08,3
169,2021-01-01T00:00:00Z,B0001,TM-784,343.80,2
170,2021-01-01T00:00:00Z,B0001,QJ-384,510.00,5
171,2021-01-01T00:00:00Z,B0002,PF-937,708.74,1
172,2021-01-01T00:00:00Z,B0002,UR-887,553.79,5
173,2021-01-01T00:00:00Z,B0003,GL-961,306.91,3
174,2021-01-01T00:00:00Z,B0003,GL-511,785.36,3
175,2021-01-01T00:00:00Z,B0002,FE-939,957.83,4
176,2021-01-01T00:00:00Z,B0002,MB-345,668.81,3
177,2021-01-01T00:00:00Z,B0003,EJ-580,432.24,4
178,2021-01-01T00:00:00Z,B0003,CI-357,989.59,1
179,2021-01-01T00:00:00Z,B0002,YL-382,717.19,2
180,2021-01-01T00:00:00Z,B0002,BR-283,415.76,4
181,2021-01-01T00:00:00Z,B0003,TL-496,302.08,2
182,2021-01-01T00:00:00Z,B0002,PC-320,938.66,3
183,2021-01-01T00:00:00Z,B0002,RY-587,469.13,5
184,2021-01-01T00:00:00Z,B0002,KQ-875,378.60,5
185,2021-01-01T00:00:00Z,B0002,SF-574,296.39,5
186,2021-01-01T00:00:00Z,B0002,EP-411,797.92,3
187,2021-01-01T00:00:00Z,B0003,ZE-021,381.28,2
188,2021-01-01T00:00:00Z,B0002,JC-853,295.11,3
189,2021-01-01T00:00:00Z,B0002,HS-951,825.38,4
190,2021-01-01T00:00:00Z,B0002,WF-886,841.91,1
191,2021-01-01T00:00:00Z,B0001,RC-226,428.32,3
192,2021-01-01T00:00:00Z,B0002,BF-979,356.51,3
193,2021-01-01T00:00:00Z,B0002,DK-093,575.75,4
194,2021-01-01T00:00:00Z,B0001,HM-117,876.42,3
195,2021-01-01T00:00:00Z,B0003,VL-064,696.92,5
196,2021-01-01T00:00:00Z,B0001,AD-296,240.99,3
197,2021-01-01T00:00:00Z,B0002,SX-753,585.21,3
198,2021-01-01T00:00:00Z,B0002,XA-909,330.34,3
199,2021-01-01T00:00:00Z,B0001,VZ-101,505.60,4
200,2021-01-01T00:00:00Z,B0001,ME-986,626.05,1
201,2021-01-01T00:00:00Z,B0002,AL-973,603.47,1
202,2021-01-01T00:00:00Z,B0001,CR-330,705.41,4
203,2021-01-01T00:00:00Z,B0001,WM-687,572.68,3
204,2021-01-01T00:00:00Z,B0003,IT-702,586.48,3
205,2021-01-01T00:00:00Z,B0003,GX-061,245.57,5
206,2021-01-01T00:00:00Z,B0001,XF-905,996.94,2
207,2021-01-01T00:00:00Z,B0001,XR-718,710.95,3
208,2021-01-01T00:00:00Z,B0002,YP-403,917.57,2
209,2021-01-01T00:00:00Z,B0003,UY-692,134.23,2
210,2021-01-01T00:00:00Z,B0003,RU-756,716.30,2
211,2021-01-01T00:00:00Z,B0001,AF-267,953.60,1
212,2021-01-01T00:00:00Z,B0003,AS-909,961.37,2
213,2021-01-01T00:00:00Z,B0001,GY-236,834.78,4
214,2021-01-01T00:00:00Z,B0002,SY-161,409.83,2
215,2021-01-01T00:00:00Z,B0003,KA-364,423.06,3
216,2021-01-01T00:00:00Z,B0001,UO-506,473.88,5
217,2021-01-01T00:00:00Z,B0001,IV-711,332.86,4
218,2021-01-01T00:00:00Z,B0003,RK-654,994.20,3
219,2021-01-01T00:00:00Z,B0002,OP-492,466.96,1
220,2021-01-01T00:00:00Z,B0003,ZT-399,455.87,3
221,2021-01-01T00:00:00Z,B0002,NG-394,514.73,4
222,2021-01-01T00:00:00Z,B0003,RW-832,682.92,3
223,2021-01-01T00:00:00Z,B0003,MU-790,996.98,2
224,2021-01-01T00:00:00Z,B0003,TD-425,516.49,4
225,2021-01-01T00:00:00Z,B0002,SH-534,562.29,2
226,2021-01-01T00:00:00Z,B0001,OS-085,925.76,1
227,2021-01-01T00:00:00Z,B0003,GC-766,296.71,4
228,2021-01-01T00:00:00Z,B0002,LV-870,214.23,2
229,2021-01-01T00:00:00Z,B0002,IT-159,482.64,2
230,2021-01-01T00:00:00Z,B0001,CB-751,385.40,2
231,2021-01-01T00:00:00Z,B0002,TN-998,816.04,3
232,2021-01-01T00:00:00Z,B0003,OC-716,813.30,5
233,2021-01-01T00:00:00Z,B0001,FW-407,239.55,1
234,2021-01-01T00:00:00Z,B0002,YO-454,337.07,5
235,2021-01-01T00:00:00Z,B0003,OP-594,634.42,5
236,2021-01-01T00:00:00Z,B0002,NA-523,109.54,4
237,2021-01-01T00:00:00Z,B0001,FC-124,289.79,4
238,2021-01-01T00:00:00Z,B0002,XN-785,287.84,1
239,2021-01-01T00:00:00Z,B0003,BD-561,560.08,2
240,2021-01-01T00:00:00Z,B0001,QV-513,404.06,4
241,2021-01-01T00:00:00Z,B0002,MV-945,669.86,3
242,2021-01-01T00:00:00Z,B0001,IB-711,990.69,5
243,2021-01-01T00:00:00Z,B0003,AH-213,222.33,1
244,2021-01-01T00:00:00Z,B0002,HV-241,384.34,4
245,2021-01-01T00:00:00Z,B0002,YI-192,441.76,4
246,2021-01-01T00:00:00Z,B0002,VZ-910,389.53,4
247,2021-01-01T00:00:00Z,B0001,YZ-440,790.35,2
248,2021-01-01T00:00:00Z,B0002,WP-034,338.77,3
249,2021-01-01T00:00:00Z,B0001,GE-119,915.27,2
250,2021-01-01T00:00:00Z,B0003,CG-280,412.52,5
251,2021-01-01T00:00:00Z,B0001,YO-118,818.70,2
252,2021-01-01T00:00:00Z,B0002,WJ-770,311.50,5
253,2021-01-01T00:00:00Z,B0003,FV-760,573.16,3
254,2021-01-01T00:00:00Z,B0001,QU-065,903.40,3
255,2021-01-01T00:00:00Z,B0002,ZA-155,879.60,4
256,2021-01-01T00:00:00Z,B0002,BX-993,502.79,5
257,2021-01-01T00:00:00Z,B0002,UA-625,696.32,4
258,2021-01-01T00:00:00Z,B0003,HG-264,365.47,4
259,2021-01-01T00:00:00Z,B0001,EY-025,683.37,1
260,2021-01-01T00:00:00Z,B0002,WR-939,597.94,5
261,2021-01-01T00:00:00Z,B0003,RO-042,264.94,5
262,2021-01-01T00:00:00Z,B0003,YN-548,959.74,1
263,2021-01-01T00:00:00Z,B0003,OI-285,540.81,2
264,2021-01-01T00:00:00Z,B0002,KJ-323,660.75,3
265,2021-01-01T00:00:00Z,B0002,JU-992,548.18,2
266,2021-01-01T00:00:00Z,B0003,TJ-974,495.60,3
267,2021-01-01T00:00:00Z,B0003,TW-322,599.18,2
268,2021-01-01T00:00:00Z,B0002,MS-914,108.07,1
269,2021-01-01T00:00:00Z,B0001,DK-807,829.80,2
270,2021-01-01T00:00:00Z,B0003,KL-894,950.39,4
271,2021-01-01T00:00:00Z,B0001,ZB-362,170.75,4
272,2021-01-01T00:00:00Z,B0001,HX-008,349.14,2
273,2021-01-01T00:00:00Z,B0001,ZC-481,227.35,2
274,2021-01-01T00:00:00Z,B0003,NL-166,456.22,3
275,2021-01-01T00:00:00Z,B0001,FY-247,529.07,5
276,2021-01-01T00:00:00Z,B0002,ZR-588,640.86,4
277,2021-01-01T00:00:00Z,B0001,YB-684,487.27,2
278,2021-01-01T00:00:00Z,B0002,JV-337,650.92,5
279,2021-01-01T00:00:00Z,B0002,KF-981,549.48,2
280,2021-01-01T00:00:00Z,B0001,GT-208,166.04,1
281,2021-01-01T00:00:00Z,B0003,VF-465,800.93,4
282,2021-01-01T00:00:00Z,B0002,DH-176,738.87,5
283,2021-01-01T00:00:00Z,B0002,OZ-446,985.69,4
284,2021-01-01T00:00:00Z,B0002,ZW-388,968.33,4
285,2021-01-01T00:00:00Z,B0003,PV-078,505.29,3
286,2021-01-01T00:00:00Z,B0001,JB-829,289.47,3
287,2021-01-01T00:00:00Z,B0001,ZA-570,600.51,3
288,2021-01-01T00:00:00Z,B0002,LR-803,654.43,4
289,2021-01-01T00:00:00Z,B0002,HV-696,502.13,1
290,2021-01-01T00:00:00Z,B0003,CI-348,367.61,3
291,2021-01-01T00:00:00Z,B0002,KW-798,612.59,1
292,2021-01-01T00:00:00Z,B0002,OS-347,953.05,3
293,2021-01-01T00:00:00Z,B0002,GX-885,796.90,5
294,2021-01-01T00:00:00Z,B0002,JR-713,314.47,3
295,2021-01-01T00:00:00Z,B0003,EM-014,645.20,5
296,2021-01-01T00:00:00Z,B0001,QL-280,350.35,3
297,2021-01-01T00:00:00Z,B0002,WE-790,752.62,4
298,2021-01-01T00:00:00Z,B0001,RN-856,862.76,2
299,2021-01-01T00:00:00Z,B0003,ZS-206,841.41,5
300,2021-01-01T00:00:00Z,B0001,GM-795,988.48,5
301,2021-01-01T00:00:00Z,B0003,RP-049,685.38,3
302,2021-01-01T00:00:00Z,B0002,PR-471,508.21,3
303,2021-01-01T00:00:00Z,B0001,YU-288,194.12,4
304,2021-01-01T00:00:00Z,B0002,EY-378,630.46,3
305,2021-01-01T00:00:00Z,B0001,ZE-496,442.97,5
306,2021-01-01T00:00:00Z,B0001,WG-245,612.97,3
307,2021-01-01T00:00:00Z,B0003,IA-973,377.38,1
308,2021-01-01T00:00:00Z,B0003,WF-148,254.63,5
309,2021-01-01T00:00:00Z,B0003,GN-877,192.96,3
310,2021-01-01T00:00:00Z,B0001,LB-071,584.74,3
311,2021-01-01T00:00:00Z,B0002,SG-709,187.19,3
312,2021-01-01T00:00:00Z,B0001,JC-551,645.58,3
313,2021-01-01T00:00:00Z,B0001,FA-376,381.64,5
314,2021-01-01T00:00:00Z,B0003,LK-000,571.04,5
315,2021-01-01T00:00:00Z,B0003,EP-311,315.51,2
316,2021-01-01T00:00:00Z,B0001,JY-221,987.54,3
317,2021-01-01T00:00:00Z,B0001,ZK-473,211.98,4
318,2021-01-01T00:00:00Z,B0003,XM-754,752.15,2
319,2021-01-01T00:00:00Z,B0001,NS-013,737.30,5
320,2021-01-01T00:00:00Z,B0001,VJ-164,648.78,3
321,2021-01-01T00:00:00Z,B0002,YF-248,885.11,1
322,2021-01-01T00:00:00Z,B0003,AH-101,855.83,2
323,2021-01-01T00:00:00Z,B0002,BJ-227,472.17,5
324,2021-01-01T00:00:00Z,B0001,HC-060,718.88,5
325,2021-01-01T00:00:00Z,B0003,DA-461,374.68,5
326,2021-01-01T00:00:00Z,B0001,NI-008,456.57,3
327,2021-01-01T00:00:00Z,B0001,HJ-561,592.14,2
328,2021-01-01T00:00:00Z,B0003,NS-585,423.97,1
329,2021-01-01T00:00:00Z,B0002,CH-176,647.68,4
330,2021-01-01T00:00:00Z,B0002,QY-712,189.92,3
331,2021-01-01T00:00:00Z,B0001,YL-444,591.53,3
332,2021-01-01T00:00:00Z,B0001,FP-800,434.21,5
333,2021-01-01T00:00:00Z,B0001,GT-452,613.03,5
334,2021-01-01T00:00:00Z,B0002,NK-453,581.80,5
335,2021-01-01T00:00:00Z,B0001,ZD-565,905.78,1
336,2021-01-01T00:00:00Z,B0001,DT-370,389.74,5
337,2021-01-01T00:00:00Z,B0002,ZW-804,276.36,3
338,2021-01-01T00:00:00Z,B0002,WL-840,600.94,3
339,2021-01-01T00:00:00Z,B0001,IY-500,892.89,2
340,2021-01-01T00:00:00Z,B0003,OG-266,921.30,5
341,2021-01-01T00:00:00Z,B0002,NQ-619,114.49,1
342,2021-01-01T00:00:00Z,B0003,PZ-150,219.10,5
343,2021-01-01T00:00:00Z,B0001,CR-942,190.18,5
344,2021-01-01T00:00:00Z,B0002,UI-525,253.59,3
345,2021-01-01T00:00:00Z,B0003,QW-519,300.24,5
346,2021-01-01T00:00:00Z,B0002,YJ-697,934.96,2
347,2021-01-01T00:00:00Z,B0003,QO-314,301.60,4
348,2021-01-01T00:00:00Z,B0002,XY-442,322.77,2
349,2021-01-01T00:00:00Z,B0001,MZ-767,172.38,4
350,2021-01-01T00:00:00Z,B0003,NJ-387,775.08,4
351,2021-01-01T00:00:00Z,B0002,RB-184,854.61,2
352,2021-01-01T00:00:00Z,B0001,DC-052,329.44,3
353,2021-01-01T00:00:00Z,B0002,CM-457,109.03,2
354,2021-01-01T00:00:00Z,B0003,FH-000,829.19,3
355,2021-01-01T00:00:00Z,B0002,SA-719,754.71,3
356,2021-01-01T00:00:00Z,B0002,IG-124,486.38,2
357,2021-01-01T00:00:00Z,B0001,CF-671,235.09,2
358,2021-01-01T00:00:00Z,B0001,ZI-961,179.34,3
359,2021-01-01T00:00:00Z,B0002,BV-598,749.15,3
360,2021-01-01T00:00:00Z,B0002,XA-674,787.11,3
361,2021-01-01T00:00:00Z,B0003,OA-483,878.44,3
362,2021-01-01T00:00:00Z,B0003,EI-445,443.94,5
363,2021-01-01T00:00:00Z,B0003,AY-261,752.10,3
364,2021-01-01T00:00:00Z,B0002,TP-307,306.16,5
365,2021-01-01T00:00:00Z,B0003,EY-313,434.81,2
366,2021-01-01T00:00:00Z,B0003,PR-569,437.88,2
367,2021-01-01T00:00:00Z,B0001,HF-070,990.19,1
368,2021-01-01T00:00:00Z,B0001,JK-507,660.86,1
369,2021-01-01T00:00:00Z,B0001,FZ-343,568.18,3
370,2021-01-01T00:00:00Z,B0003,TZ-995,923.16,4
371,2021-01-01T00:00:00Z,B0003,AI-890,626.01,4
372,2021-01-01T00:00:00Z,B0003,HS-417,241.90,1
373,2021-01-01T00:00:00Z,B0001,CA-920,127.82,3
374,2021-01-01T00:00:00Z,B0002,XY-309,888.14,2
375,2021-01-01T00:00:00Z,B0003,QZ-585,149.93,1
376,2021-01-01T00:00:00Z,B0002,XB-268,597.24,2
377,2021-01-01T00:00:00Z,B0003,NL-249,282.18,5
378,2021-01-01T00:00:00Z,B0001,EF-309,847.93,2
379,2021-01-01T00:00:00Z,B0001,DI-154,838.22,5
380,2021-01-01T00:00:00Z,B0002,FZ-423,502.37,5
381,2021-01-01T00:00:00Z,B0001,TG-493,948.71,5
382,2021-01-01T00:00:00Z,B0003,GO-215,159.61,4
383,2021-01-01T00:00:00Z,B0003,DA-847,379.09,4
384,2021-01-01T00:00:00Z,B0002,AR-936,857.80,5
385,2021-01-01T00:00:00Z,B0002,FP-758,802.88,4
386,2021-01-01T00:00:00Z,B0003,HU-855,809.51,1
387,2021-01-01T00:00:00Z,B0003,AB-588,728.19,2
388,2021-01-01T00:00:00Z,B0002,JI-879,831.97,3
389,2021-01-01T00:00:00Z,B0001,DF-442,902.59,5
390,2021-01-01T00:00:00Z,B0002,BK-889,469.00,4
391,2021-01-01T00:00:00Z,B0003,MA-028,408.20,5
392,2021-01-01T00:00:00Z,B0003,GL-315,908.50,2
393,2021-01-01T00:00:00Z,B0002,CM-915,732.67,5
394,2021-01-01T00:00:00Z,B0002,LG-568,442.34,3
395,2021-01-01T00:00:00Z,B0001,VW-855,547.37,5
396,2021-01-01T00:00:00Z,B0001,TK-079,959.36,2
397,2021-01-01T00:00:00Z,B0001,JS-096,122.47,5
398,2021-01-01T00:00:00Z,B0003,ZH-555,124.83,1
399,2021-01-01T00:00:00Z,B0001,JQ-051,894.21,3
400,2021-01-01T00:00:00Z,B0003,DP-575,391.12,3
401,2021-01-01T00:00:00Z,B0003,PF-715,658.40,5
402,2021-01-01T00:00:00Z,B0002,VK-791,474.11,1
403,2021-01-01T00:00:00Z,B0001,LG-468,836.22,5
404,2021-01-01T00:00:00Z,B0002,FV-917,676.09,4
405,2021-01-01T00:00:00Z,B0002,BY-980,328.86,4
406,2021-01-01T00:00:00Z,B0003,YO-332,137.54,4
407,2021-01-01T00:00:00Z,B0003,PN-665,503.02,5
408,2021-01-01T00:00:00Z,B0001,IU-458,206.45,1
409,2021-01-01T00:00:00Z,B0001,GM-044,973.47,3
410,2021-01-01T00:00:00Z,B0001,CA-458,301.35,3
411,2021-01-01T00:00:00Z,B0001,LE-878,853.48,3
412,2021-01-01T00:00:00Z,B0002,OY-234,803.22,2
413,2021-01-01T00:00:00Z,B0002,WX-226,323.20,5
414,2021-01-01T00:00:00Z,B0002,SV-499,715.24,5
415,2021-01-01T00:00:00Z,B0003,NC-606,732.90,1
416,2021-01-01T00:00:00Z,B0003,FX-553,814.92,3
417,2021-01-01T00:00:00Z,B0001,PX-349,606.82,1
418,2021-01-01T00:00:00Z,B0001,ZQ-147,225.26,5
419,2021-01-01T00:00:00Z,B0001,TC-725,531.19,2
420,2021-01-01T00:00:00Z,B0001,UO-960,286.34,5
421,2021-01-01T00:00:00Z,B0001,IA-310,993.86,1
422,2021-01-01T00:00:00Z,B0001,GW-983,491.40,3
423,2021-01-01T00:00:00Z,B0002,XQ-952,496.44,2
424,2021-01-01T00:00:00Z,B0002,UY-062,103.25,4
425,2021-01-01T00:00:00Z,B0002,MV-957,523.98,4
426,2021-01-01T00:00:00Z,B0003,BX-370,585.24,4
427,2021-01-01T00:00:00Z,B0003,GH-483,109.90,4
428,2021-01-01T00:00:00Z,B0002,TD-816,291.26,3
429,2021-01-01T00:00:00Z,B0002,WT-375,701.39,1
430,2021-01-01T00:00:00Z,B0001,KF-746,163.17,2
431,2021-01-01T00:00:00Z,B0003,KD-502,397.85,1
432,2021-01-01T00:00:00Z,B0003,JW-883,448.34,5
433,2021-01-01T00:00:00Z,B0003,FO-530,661.18,4
434,2021-01-01T00:00:00Z,B0001,OZ-361,741.46,1
435,2021-01-01T00:00:00Z,B0003,ZG-907,468.61,2
436,2021-01-01T00:00:00Z,B0001,CF-757,456.72,4
437,2021-01-01T00:00:00Z,B0001,PJ-564,438.78,1
438,2021-01-01T00:00:00Z,B0002,TP-885,406.93,3
439,2021-01-01T00:00:00Z,B0002,SN-503,523.45,2
440,2021-01-01T00:00:00Z,B0002,NU-366,607.01,4
441,2021-01-01T00:00:00Z,B0002,TF-270,929.10,4
442,2021-01-01T00:00:00Z,B0003,LD-948,966.95,1
443,2021-01-01T00:00:00Z,B0002,NH-256,268.48,2
444,2021-01-01T00:00:00Z,B0003,CV-525,466.09,2
445,2021-01-01T00:00:00Z,B0001,JE-452,331.92,3
446,2021-01-01T00:00:00Z,B0003,GQ-368,351.67,3
447,2021-01-01T00:00:00Z,B0002,DU-924,473.78,1
448,2021-01-01T00:00:00Z,B0002,ET-360,492.05,2
449,2021-01-01T00:00:00Z,B0003,SK-412,775.25,2
450,2021-01-01T00:00:00Z,B0003,KJ-853,743.32,5
451,2021-01-01T00:00:00Z,B0001,SK-268,254.91,2
452,2021-01-01T00:00:00Z,B0001,ZM-171,969.18,3
453,2021-01-01T00:00:00Z,B0002,SC-196,924.23,2
454,2021-01-01T00:00:00Z,B0002,XP-943,594.51,1
455,2021-01-01T00:00:00Z,B0002,XE-073,857.09,4
456,2021-01-01T00:00:00Z,B0002,CH-813,469.53,3
457,2021-01-01T00:00:00Z,B0003,PY-076,916.40,2
458,2021-01-01T00:00:00Z,B0003,IK-096,266.23,5
459,2021-01-01T00:00:00Z,B0002,NG-900,191.78,2
460,2021-01-01T00:00:00Z,B0003,KQ-269,912.99,5
461,2021-01-01T00:00:00Z,B0003,YX-092,828.31,3
462,2021-01-01T00:00:00Z,B0002,GN-271,566.18,3
463,2021-01-01T00:00:00Z,B0002,DI-933,594.60,1
464,2021-01-01T00:00:00Z,B0002,FT-330,638.83,5
465,2021-01-01T00:00:00Z,B0002,IH-455,832.15,5
466,2021-01-01T00:00:00Z,B0002,NL-109,484.22,1
467,2021-01-01T00:00:00Z,B0001,JH-676,771.76,3
468,2021-01-01T00:00:00Z,B0001,JM-799,981.18,3
469,2021-01-01T00:00:00Z,B0003,VU-414,288.93,1
470,2021-01-01T00:00:00Z,B0001,KN-626,369.41,2
471,2021-01-01T00:00:00Z,B0002,MB-186,631.06,5
472,2021-01-01T00:00:00Z,B0003,RP-674,635.58,4
473,2021-01-01T00:00:00Z,B0003,SL-773,122.53,5
474,2021-01-01T00:00:00Z,B0003,XF-902,558.23,2
475,2021-01-01T00:00:00Z,B0002,IX-217,341.23,5
476,2021-01-01T00:00:00Z,B0001,JW-257,443.83,1
477,2021-01-01T00:00:00Z,B0002,WK-390,193.85,3
478,2021-01-01T00:00:00Z,B0003,XP-977,537.97,4
479,2021-01-01T00:00:00Z,B0003,TZ-785,777.82,4
480,2021-01-01T00:00:00Z,B0001,QY-062,796.05,5
481,2021-01-01T00:00:00Z,B0002,QM-084,470.23,5
482,2021-01-01T00:00:00Z,B0003,RU-022,152.97,3
483,2021-01-01T00:00:00Z,B0002,LF-127,216.81,4
484,2021-01-01T00:00:00Z,B0001,CI-866,682.82,5
485,2021-01-01T00:00:00Z,B0002,WM-504,320.58,5
486,2021-01-01T00:00:00Z,B0002,EM-581,566.66,5
487,2021-01-01T00:00:00Z,B0002,AN-315,456.22,1
488,2021-01-01T00:00:00Z,B0003,LU-055,874.90,1
489,2021-01-01T00:00:00Z,B0003,MF-694,878.51,1
490,2021-01-01T00:00:00Z,B0002,IF-776,501.74,1
491,2021-01-01T00:00:00Z,B0003,HF-328,465.88,1
492,2021-01-01T00:00:00Z,B0003,KY-513,194.82,2
493,2021-01-01T00:00:00Z,B0001,JQ-081,441.03,3
494,2021-01-01T00:00:00Z,B0002,BD-630,237.76,5
495,2021-01-01T00:00:00Z,B0001,ZO-977,354.42,4
496,2021-01-01T00:00:00Z,B0003,QR-599,633.23,4
497,2021-01-01T00:00:00Z,B0001,KY-234,819.32,4
498,2021-01-01T00:00:00Z,B0002,MG-238,120.46,3
499,2021-01-01T00:00:00Z,B0001,BZ-134,670.46,5
500,2021-01-01T00:00:00Z,B0002,NQ-531,537.00,2
501,2021-01-01T00:00:00Z,B0003,SE-855,310.04,5
502,2021-01-01T00:00:00Z,B0003,VB-459,422.45,4
503,2021-01-01T00:00:00Z,B0001,UX-823,440.96,3
504,2021-01-01T00:00:00Z,B0001,IL-393,872.84,5
505,2021-01-01T00:00:00Z,B0003,XY-621,437.92,1
506,2021-01-01T00:00:00Z,B0003,WL-391,199.21,5
507,2021-01-01T00:00:00Z,B0002,DK-694,438.93,4
508,2021-01-01T00:00:00Z,B0003,DW-226,775.10,5
509,2021-01-01T00:00:00Z,B0002,YQ-786,267.20,1
510,2021-01-01T00:00:00Z,B0001,HJ-040,612.93,3
511,2021-01-01T00:00:00Z,B0002,UT-809,809.90,4
512,2021-01-01T00:00:00Z,B0001,QW-650,898.93,3
513,2021-01-01T00:00:00Z,B0003,IL-013,406.18,2
514,2021-01-01T00:00:00Z,B0001,HS-334,688.49,3
515,2021-01-01T00:00:00Z,B0001,YK-859,921.95,3
516,2021-01-01T00:00:00Z,B0001,XY-894,279.82,1
517,2021-01-01T00:00:00Z,B0002,PZ-441,545.77,4
518,2021-01-01T00:00:00Z,B0003,PT-794,498.51,5
519,2021-01-01T00:00:00Z,B0003,ZK-024,713.57,3
520,2021-01-01T00:00:00Z,B0003,RC-952,485.48,5
521,2021-01-01T00:00:00Z,B0002,TA-288,535.47,4
522,2021-01-01T00:00:00Z,B0003,YK-374,812.53,1
523,2021-01-01T00:00:00Z,B0003,UK-553,847.98,4
524,2021-01-01T00:00:00Z,B0003,ZT-676,828.92,1
525,2021-01-01T00:00:00Z,B0003,RH-418,340.52,2
526,2021-01-01T00:00:00Z,B0002,VM-295,595.79,5
527,2021-01-01T00:00:00Z,B0002,CI-586,433.72,3
528,2021-01-01T00:00:00Z,B0001,AD-148,419.81,4
529,2021-01-01T00:00:00Z,B0001,LO-956,973.07,3
530,2021-01-01T00:00:00Z,B0003,CW-744,674.97,3
531,2021-01-01T00:00:00Z,B0001,GN-514,499.98,2
532,2021-01-01T00:00:00Z,B0003,AM-172,537.00,3
533,2021-01-01T00:00:00Z,B0003,DG-467,732.35,1
534,2021-01-01T00:00:00Z,B0002,MO-900,601.65,4
535,2021-01-01T00:00:00Z,B0002,BA-259,534.39,3
536,2021-01-01T00:00:00Z,B0001,ZS-254,194.85,4
537,2021-01-01T00:00:00Z,B0002,YC-722,817.55,3
538,2021-01-01T00:00:00Z,B0001,OG-377,910.04,5
539,2021-01-01T00:00:00Z,B0003,ES-578,546.17,2
540,2021-01-01T00:00:00Z,B0001,XJ-999,796.47,4
541,2021-01-01T00:00:00Z,B0002,AM-312,757.64,1
542,2021-01-01T00:00:00Z,B0001,ME-247,288.74,1
543,2021-01-01T00:00:00Z,B0003,DO-535,232.83,2
544,2021-01-01T00:00:00Z,B0001,FO-568,108.76,3
545,2021-01-01T00:00:00Z,B0002,YH-284,984.86,2
546,2021-01-01T00:00:00Z,B0003,LR-553,915.05,2
547,2021-01-01T00:00:00Z,B0002,AK-156,131.84,3
548,2021-01-01T00:00:00Z,B0002,IR-140,330.52,1
549,2021-01-01T00:00:00Z,B0003,YO-077,151.84,4
550,2021-01-01T00:00:00Z,B0003,NW-516,484.12,2
551,2021-01-01T00:00:00Z,B0003,CK-207,385.78,3
552,2021-01-01T00:00:00Z,B0003,XQ-950,983.31,4
553,2021-01-01T00:00:00Z,B0003,PD-716,782.17,1
554,2021-01-01T00:00:00Z,B0001,FB-746,801.07,3
555,2021-01-01T00:00:00Z,B0001,ZB-989,856.62,1
556,2021-01-01T00:00:00Z,B0001,JU-542,124.85,1
557,2021-01-01T00:00:00Z,B0002,PG-087,326.93,2
558,2021-01-01T00:00:00Z,B0001,NY-731,328.83,3
559,2021-01-01T00:00:00Z,B0003,ES-340,532.91,1
560,2021-01-01T00:00:00Z,B0001,OB-611,975.80,2
561,2021-01-01T00:00:00Z,B0001,HE-936,708.13,2
562,2021-01-01T00:00:00Z,B0002,XY-920,108.33,5
563,2021-01-01T00:00:00Z,B0003,ZG-915,365.39,2
564,2021-01-01T00:00:00Z,B0001,JX-908,189.38,2
565,2021-01-01T00:00:00Z,B0001,KX-696,297.75,5
566,2021-01-01T00:00:00Z,B0003,WG-060,132.12,1
567,2021-01-01T00:00:00Z,B0002,HJ-349,248.04,3
568,2021-01-01T00:00:00Z,B0001,KE-941,920.00,2
569,2021-01-01T00:00:00Z,B0003,KC-671,777.89,3
570,2021-01-01T00:00:00Z,B0003,RS-228,433.69,2
571,2021-01-01T00:00:00Z,B0001,ZH-764,441.16,2
572,2021-01-01T00:00:00Z,B0001,LG-669,683.44,4
573,2021-01-01T00:00:00Z,B0002,WN-288,680.24,1
574,2021-01-01T00:00:00Z,B0001,TX-197,675.47,5
575,2021-01-01T00:00:00Z,B0003,GT-005,394.10,1
576,2021-01-01T00:00:00Z,B0001,TY-713,379.33,4
577,2021-01-01T00:00:00Z,B0003,CG-292,914.85,2
578,2021-01-01T00:00:00Z,B0003,ZH-153,162.46,4
579,2021-01-01T00:00:00Z,B0002,ZN-304,627.91,3
580,2021-01-01T00:00:00Z,B0002,KA-582,846.96,3
581,2021-01-01T00:00:00Z,B0002,HL-734,522.90,1
582,2021-01-01T00:00:00Z,B0003,LV-867,829.08,3
583,2021-01-01T00:00:00Z,B0002,US-182,700.59,3
584,2021-01-01T00:00:00Z,B0002,CZ-201,838.02,2
585,2021-01-01T00:00:00Z,B0001,ET-700,519.53,2
586,2021-01-01T00:00:00Z,B0003,ZT-812,368.47,4
587,2021-01-01T00:00:00Z,B0001,TR-668,654.33,4
588,2021-01-01T00:00:00Z,B0002,AS-517,458.68,5
589,2021-01-01T00:00:00Z,B0002,CW-975,123.43,4
590,2021-01-01T00:00:00Z,B0003,QL-951,199.90,4
591,2021-01-01T00:00:00Z,B0002,JX-461,496.37,5
592,2021-01-01T00:00:00Z,B0002,BX-140,817.79,4
593,2021-01-01T00:00:00Z,B0003,AD-985,783.70,1
594,2021-01-01T00:00:00Z,B0001,PV-751,615.44,2
595,2021-01-01T00:00:00Z,B0003,HB-726,821.31,3
596,2021-01-01T00:00:00Z,B0003,AQ-287,362.39,3
597,2021-01-01T00:00:00Z,B0001,RK-273,679.81,4
598,2021-01-01T00:00:00Z,B0001,YE-252,313.83,2
599,2021-01-01T00:00:00Z,B0001,QF-473,963.76,1
600,2021-01-01T00:00:00Z,B0003,EP-897,254.43,1
601,2021-01-01T00:00:00Z,B0003,JF-330,841.78,5
602,2021-01-01T00:00:00Z,B0002,SQ-404,560.18,1
603,2021-01-01T00:00:00Z,B0002,CS-367,859.77,2
604,2021-01-01T00:00:00Z,B0003,KZ-847,603.61,3
605,2021-01-01T00:00:00Z,B0002,AF-813,824.65,1
606,2021-01-01T00:00:00Z,B0001,ZR-038,856.88,4
607,2021-01-01T00:00:00Z,B0001,DB-265,498.52,3
608,2021-01-01T00:00:00Z,B0003,HL-341,131.31,2
609,2021-01-01T00:00:00Z,B0001,YT-577,510.57,5
610,2021-01-01T00:00:00Z,B0003,VL-083,269.90,5
611,2021-01-01T00:00:00Z,B0001,DI-151,542.62,5
612,2021-01-01T00:00:00Z,B0003,LW-566,100.19,4
613,2021-01-01T00:00:00Z,B0002,ZH-802,733.74,2
614,2021-01-01T00:00:00Z,B0003,LF-549,434.49,1
615,2021-01-01T00:00:00Z,B0001,YX-573,321.89,4
616,2021-01-01T00:00:00Z,B0001,HV-191,316.01,4
617,2021-01-01T00:00:00Z,B0001,WC-728,259.15,1
618,2021-01-01T00:00:00Z,B0003,KC-106,121.83,3
619,2021-01-01T00:00:00Z,B0001,HB-532,102.90,5
620,2021-01-01T00:00:00Z,B0003,VR-640,269.68,2
621,2021-01-01T00:00:00Z,B0001,BL-850,883.03,3
622,2021-01-01T00:00:00Z,B0002,JM-658,680.50,4
623,2021-01-01T00:00:00Z,B0002,HW-784,168.49,3
624,2021-01-01T00:00:00Z,B0001,VR-329,184.87,2
625,2021-01-01T00:00:00Z,B0001,YJ-181,955.40,3
626,2021-01-01T00:00:00Z,B0003,TP-259,338.66,3
627,2021-01-01T00:00:00Z,B0003,AJ-766,967.81,2
628,2021-01-01T00:00:00Z,B0001,BF-950,743.42,3
629,2021-01-01T00:00:00Z,B0002,UW-804,211.06,1
630,2021-01-01T00:00:00Z,B0003,BN-964,184.36,2
631,2021-01-01T00:00:00Z,B0003,RI-718,272.12,1
632,2021-01-01T00:00:00Z,B0003,MK-586,535.11,3
633,2021-01-01T00:00:00Z,B0001,JK-993,838.72,2
634,2021-01-01T00:00:00Z,B0001,NQ-750,955.01,5
635,2021-01-01T00:00:00Z,B0002,YP-800,213.19,5
636,2021-01-01T00:00:00Z,B0002,SD-002,802.52,5
637,2021-01-01T00:00:00Z,B0001,HY-314,237.16,2
638,2021-01-01T00:00:00Z,B0001,PU-426,671.83,3
639,2021-01-01T00:00:00Z,B0002,KW-376,854.68,2
640,2021-01-01T00:00:00Z,B0001,XU-846,587.12,4
641,2021-01-01T00:00:00Z,B0003,FA-948,552.48,5
642,2021-01-01T00:00:00Z,B0001,PV-749,383.64,2
643,2021-01-01T00:00:00Z,B0002,YP-217,687.83,3
644,2021-01-01T00:00:00Z,B0003,SD-304,850.31,4
645,2021-01-01T00:00:00Z,B0002,PT-705,664.72,1
646,2021-01-01T00:00:00Z,B0003,IX-236,103.95,5
647,2021-01-01T00:00:00Z,B0001,IH-480,776.75,5
648,2021-01-01T00:00:00Z,B0003,HD-750,980.47,4
649,2021-01-01T00:00:00Z,B0003,JU-017,859.60,1
650,2021-01-01T00:00:00Z,B0003,VL-567,282.53,3
651,2021-01-01T00:00:00Z,B0002,WE-873,912.19,3
652,2021-01-01T00:00:00Z,B0003,PB-335,578.41,1
653,2021-01-01T00:00:00Z,B0002,DZ-929,870.50,2
654,2021-01-01T00:00:00Z,B0002,DV-953,218.41,1
655,2021-01-01T00:00:00Z,B0002,BT-372,413.01,3
656,2021-01-01T00:00:00Z,B0001,SG-024,935.39,5
657,2021-01-01T00:00:00Z,B0003,AM-218,156.94,3
658,2021-01-01T00:00:00Z,B0002,UD-539,998.63,3
659,2021-01-01T00:00:00Z,B0002,PC-419,656.04,3
660,2021-01-01T00:00:00Z,B0002,AE-251,192.34,4
661,2021-01-01T00:00:00Z,B0001,FZ-766,247.79,1
662,2021-01-01T00:00:00Z,B0003,GC-064,750.81,2
663,2021-01-01T00:00:00Z,B0003,KY-794,607.68,4
664,2021-01-01T00:00:00Z,B0001,XQ-454,978.05,1
665,2021-01-01T00:00:00Z,B0001,CF-295,358.33,5
666,2021-01-01T00:00:00Z,B0001,JW-396,441.64,5
667,2021-01-01T00:00:00Z,B0003,CI-792,810.23,4
668,2021-01-01T00:00:00Z,B0001,IE-677,757.98,3
669,2021-01-01T00:00:00Z,B0001,EH-889,849.21,3
670,2021-01-01T00:00:00Z,B0001,ZJ-362,817.10,1
671,2021-01-01T00:00:00Z,B0001,ZA-853,461.98,5
672,2021-01-01T00:00:00Z,B0001,PN-265,842.62,4
673,2021-01-01T00:00:00Z,B0001,TD-210,290.60,4
674,2021-01-01T00:00:00Z,B0001,ME-934,543.87,2
675,2021-01-01T00:00:00Z,B0002,AU-379,360.83,3
676,2021-01-01T00:00:00Z,B0002,XF-047,510.56,3
677,2021-01-01T00:00:00Z,B0003,AT-615,492.14,4
678,2021-01-01T00:00:00Z,B0002,NR-390,741.17,1
679,2021-01-01T00:00:00Z,B0001,NM-750,845.93,3
680,2021-01-01T00:00:00Z,B0001,NE-319,383.43,1
681,2021-01-01T00:00:00Z,B0001,VY-490,110.70,1
682,2021-01-01T00:00:00Z,B0003,LR-320,195.10,1
683,2021-01-01T00:00:00Z,B0001,SZ-252,997.67,1
684,2021-01-01T00:00:00Z,B0003,NL-813,936.54,2
685,2021-01-01T00:00:00Z,B0001,UV-366,361.07,5
686,2021-01-01T00:00:00Z,B0002,IK-863,311.93,3
687,2021-01-01T00:00:00Z,B0003,BT-869,591.80,3
688,2021-01-01T00:00:00Z,B0002,FG-330,753.29,4
689,2021-01-01T00:00:00Z,B0002,NL-462,274.37,3
690,2021-01-01T00:00:00Z,B0002,ZC-420,596.63,4
691,2021-01-01T00:00:00Z,B0001,DM-356,656.80,4
692,2021-01-01T00:00:00Z,B0002,CA-257,663.89,2
693,2021-01-01T00:00:00Z,B0002,FA-862,295.93,1
694,2021-01-01T00:00:00Z,B0002,UV-634,427.79,3
695,2021-01-01T00:00:00Z,B0002,BX-547,727.87,3
696,2021-01-01T00:00:00Z,B0002,AK-549,919.35,4
697,2021-01-01T00:00:00Z,B0002,OR-179,398.71,1
698,2021-01-01T00:00:00Z,B0003,BM-246,264.47,2
699,2021-01-01T00:00:00Z,B0002,IQ-732,567.85,3
700,2021-01-01T00:00:00Z,B0003,XQ-924,363.55,3
701,2021-01-01T00:00:00Z,B0001,KA-106,437.28,2
702,2021-01-01T00:00:00Z,B0003,CE-090,214.07,1
703,2021-01-01T00:00:00Z,B0003,OK-627,639.88,2
704,2021-01-01T00:00:00Z,B0003,SM-444,356.72,5
705,2021-01-01T00:00:00Z,B0001,DS-918,779.70,4
706,2021-01-01T00:00:00Z,B0002,AD-819,205.13,5
707,2021-01-01T00:00:00Z,B0003,CT-804,695.75,5
708,2021-01-01T00:00:00Z,B0003,BW-981,626.58,4
709,2021-01-01T00:00:00Z,B0002,LG-108,725.15,5
710,2021-01-01T00:00:00Z,B0002,QV-911,844.52,2
711,2021-01-01T00:00:00Z,B0001,OD-642,187.04,2
712,2021-01-01T00:00:00Z,B0002,PM-847,997.55,1
713,2021-01-01T00:00:00Z,B0002,XU-530,146.91,4
714,2021-01-01T00:00:00Z,B0003,YF-967,223.88,3
715,2021-01-01T00:00:00Z,B0002,FL-373,596.12,1
716,2021-01-01T00:00:00Z,B0003,XZ-093,197.87,5
717,2021-01-01T00:00:00Z,B0001,TK-839,609.47,5
718,2021-01-01T00:00:00Z,B0002,HX-571,320.14,3
719,2021-01-01T00:00:00Z,B0003,TS-771,327.81,1
720,2021-01-01T00:00:00Z,B0002,HN-655,802.49,4
721,2021-01-01T00:00:00Z,B0002,HA-738,494.15,3
722,2021-01-01T00:00:00Z,B0002,AE-182,969.03,2
723,2021-01-01T00:00:00Z,B0003,LF-518,668.00,1
724,2021-01-01T00:00:00Z,B0002,ML-373,891.82,2
725,2021-01-01T00:00:00Z,B0002,JA-900,393.72,1
726,2021-01-01T00:00:00Z,B0003,IJ-861,454.10,1
727,2021-01-01T00:00:00Z,B0001,WG-924,375.01,3
728,2021-01-01T00:00:00Z,B0001,CM-796,960.76,1
729,2021-01-01T00:00:00Z,B0002,VF-753,554.73,1
730,2021-01-01T00:00:00Z,B0003,CH-800,718.54,3
731,2021-01-01T00:00:00Z,B0001,PE-774,806.71,4
732,2021-01-01T00:00:00Z,B0002,MU-547,527.40,5
733,2021-01-01T00:00:00Z,B0003,SD-131,215.69,4
734,2021-01-01T00:00:00Z,B0003,FI-520,316.43,2
735,2021-01-01T00:00:00Z,B0003,PR-559,341.28,4
736,2021-01-01T00:00:00Z,B0002,AG-985,927.75,4
737,2021-01-01T00:00:00Z,B0003,LO-852,345.41,3
738,2021-01-01T00:00:00Z,B0002,QM-696,220.49,2
739,2021-01-01T00:00:00Z,B0001,RW-630,749.24,1
740,2021-01-01T00:00:00Z,B0001,LA-693,719.75,4
741,2021-01-01T00:00:00Z,B0003,RJ-951,366.96,5
742,2021-01-01T00:00:00Z,B0002,WA-600,898.88,1
743,2021-01-01T00:00:00Z,B0003,PJ-811,443.58,4
744,2021-01-01T00:00:00Z,B0003,ZN-150,976.73,3
745,2021-01-01T00:00:00Z,B0001,BM-554,767.43,5
746,2021-01-01T00:00:00Z,B0003,OK-094,615.17,1
747,2021-01-01T00:00:00Z,B0001,GT-593,965.71,5
748,2021-01-01T00:00:00Z,B0002,ZE-139,629.49,3
749,2021-01-01T00:00:00Z,B0001,OU-157,136.22,1
750,2021-01-01T00:00:00Z,B0002,TC-518,135.45,5
751,2021-01-01T00:00:00Z,B0002,BF-961,827.63,5
752,2021-01-01T00:00:00Z,B0001,IY-890,561.96,1
753,2021-01-01T00:00:00Z,B0001,YT-449,938.23,1
754,2021-01-01T00:00:00Z,B0002,SC-707,198.04,2
755,2021-01-01T00:00:00Z,B0001,CH-352,572.60,3
756,2021-01-01T00:00:00Z,B0002,DW-485,351.77,5
757,2021-01-01T00:00:00Z,B0003,GF-654,917.92,5
758,2021-01-01T00:00:00Z,B0003,HF-240,671.15,3
759,2021-01-01T00:00:00Z,B0002,MI-537,168.30,4
760,2021-01-01T00:00:00Z,B0002,GH-655,793.18,3
761,2021-01-01T00:00:00Z,B0002,WS-427,781.38,3
762,2021-01-01T00:00:00Z,B0001,BE-162,475.08,4
763,2021-01-01T00:00:00Z,B0001,SF-648,110.32,4
764,2021-01-01T00:00:00Z,B0002,BU-900,882.94,4
765,2021-01-01T00:00:00Z,B0003,LM-423,624.40,4
766,2021-01-01T00:00:00Z,B0003,BM-656,344.61,2
767,2021-01-01T00:00:00Z,B0002,WJ-779,437.55,5
768,2021-01-01T00:00:00Z,B0002,RT-250,732.09,1
769,2021-01-01T00:00:00Z,B0003,VN-916,714.92,5
770,2021-01-01T00:00:00Z,B0001,EV-286,590.29,5
771,2021-01-01T00:00:00Z,B0002,MY-510,301.60,5
772,2021-01-01T00:00:00Z,B0003,DL-237,601.52,5
773,2021-01-01T00:00:00Z,B0002,QE-859,411.64,4
774,2021-01-01T00:00:00Z,B0003,QC-747,714.64,4
775,2021-01-01T00:00:00Z,B0003,WK-757,640.19,4
776,2021-01-01T00:00:00Z,B0002,OD-499,348.61,4
777,2021-01-01T00:00:00Z,B0001,WU-071,104.49,2
778,2021-01-01T00:00:00Z,B0001,AC-122,165.51,2
779,2021-01-01T00:00:00Z,B0003,SH-291,626.36,2
780,2021-01-01T00:00:00Z,B0003,FA-911,410.10,1
781,2021-01-01T00:00:00Z,B0001,QR-868,228.75,4
782,2021-01-01T00:00:00Z,B0001,KM-327,612.51,4
783,2021-01-01T00:00:00Z,B0001,YC-095,674.72,3
784,2021-01-01T00:00:00Z,B0001,MX-729,391.23,5
785,2021-01-01T00:00:00Z,B0001,CZ-155,217.26,2
786,2021-01-01T00:00:00Z,B0001,JZ-434,950.77,4
787,2021-01-01T00:00:00Z,B0003,ED-108,527.22,1
788,2021-01-01T00:00:00Z,B0001,IH-856,961.05,1
789,2021-01-01T00:00:00Z,B0003,NF-375,585.97,2
790,2021-01-01T00:00:00Z,B0003,SI-853,678.21,1
791,2021-01-01T00:00:00Z,B0003,UF-637,922.54,4
792,2021-01-01T00:00:00Z,B0001,MZ-299,227.36,4
793,2021-01-01T00:00:00Z,B0001,SL-320,294.87,2
794,2021-01-01T00:00:00Z,B0002,FD-498,144.53,3
795,2021-01-01T00:00:00Z,B0002,WQ-305,327.31,2
796,2021-01-01T00:00:00Z,B0001,JR-292,240.80,5
797,2021-01-01T00:00:00Z,B0001,ZC-681,519.91,3
798,2021-01-01T00:00:00Z,B0001,HI-612,908.24,3
799,2021-01-01T00:00:00Z,B0002,EF-929,874.60,4
800,2021-01-01T00:00:00Z,B0001,UQ-218,229.72,3
801,2021-01-01T00:00:00Z,B0003,EL-764,766.10,2
802,2021-01-01T00:00:00Z,B0001,MY-570,815.75,3
803,2021-01-01T00:00:00Z,B0002,WM-224,928.55,1
804,2021-01-01T00:00:00Z,B0002,SZ-271,230.23,2
805,2021-01-01T00:00:00Z,B0002,TF-949,268.20,3
806,2021-01-01T00:00:00Z,B0003,XU-356,948.26,5
807,2021-01-01T00:00:00Z,B0001,KU-777,649.11,1
808,2021-01-01T00:00:00Z,B0003,NO-260,864.71,4
809,2021-01-01T00:00:00Z,B0002,IW-017,695.70,1
810,2021-01-01T00:00:00Z,B0001,YP-258,999.89,4
811,2021-01-01T00:00:00Z,B0001,DY-551,867.51,3
812,2021-01-01T00:00:00Z,B0003,PT-055,505.58,2
813,2021-01-01T00:00:00Z,B0002,TO-177,856.90,1
814,2021-01-01T00:00:00Z,B0003,LY-089,853.76,1
815,2021-01-01T00:00:00Z,B0002,XS-336,312.74,1
816,2021-01-01T00:00:00Z,B0002,VD-122,584.83,5
817,2021-01-01T00:00:00Z,B0001,GM-391,935.85,1
818,2021-01-01T00:00:00Z,B0002,NU-375,753.25,1
819,2021-01-01T00:00:00Z,B0003,LR-433,980.30,2
820,2021-01-01T00:00:00Z,B0003,IV-367,307.21,3
821,2021-01-01T00:00:00Z,B0001,QR-518,913.54,2
822,2021-01-01T00:00:00Z,B0002,KX-898,756.31,3
823,2021-01-01T00:00:00Z,B0002,BT-178,672.95,5
824,2021-01-01T00:00:00Z,B0003,FB-236,109.41,1
825,2021-01-01T00:00:00Z,B0003,NO-241,341.70,5
826,2021-01-01T00:00:00Z,B0002,TQ-417,830.41,4
827,2021-01-01T00:00:00Z,B0001,JE-177,584.84,1
828,2021-01-01T00:00:00Z,B0003,DE-473,245.32,5
829,2021-01-01T00:00:00Z,B0003,YG-376,846.54,1
830,2021-01-01T00:00:00Z,B0001,NW-829,387.48,4
831,2021-01-01T00:00:00Z,B0002,VY-883,708.51,5
832,2021-01-01T00:00:00Z,B0001,ZP-934,751.74,2
833,2021-01-01T00:00:00Z,B0001,TD-139,572.95,3
834,2021-01-01T00:00:00Z,B0001,GY-693,384.85,2
835,2021-01-01T00:00:00Z,B0003,GB-899,107.97,3
836,2021-01-01T00:00:00Z,B0002,BG-268,690.74,2
837,2021-01-01T00:00:00Z,B0001,DX-665,114.30,4
838,2021-01-01T00:00:00Z,B0001,UT-129,233.59,1
839,2021-01-01T00:00:00Z,B0002,KO-329,843.27,3
840,2021-01-01T00:00:00Z,B0002,DC-915,893.81,3
841,2021-01-01T00:00:00Z,B0001,HC-190,994.91,2
842,2021-01-01T00:00:00Z,B0003,FN-909,702.10,4
843,2021-01-01T00:00:00Z,B0001,GK-144,599.93,5
844,2021-01-01T00:00:00Z,B0001,CG-529,586.47,5
845,2021-01-01T00:00:00Z,B0001,ZF-265,251.53,2
846,2021-01-01T00:00:00Z,B0002,PZ-607,374.15,3
847,2021-01-01T00:00:00Z,B0003,XT-107,635.81,2
848,2021-01-01T00:00:00Z,B0003,CH-134,674.44,5
849,2021-01-01T00:00:00Z,B0001,LJ-364,520.88,1
850,2021-01-01T00:00:00Z,B0002,HE-663,631.51,1
851,2021-01-01T00:00:00Z,B0002,GS-816,187.15,1
852,2021-01-01T00:00:00Z,B0003,QA-993,991.69,3
853,2021-01-01T00:00:00Z,B0003,XA-130,792.66,2
854,2021-01-01T00:00:00Z,B0003,FP-538,967.21,5
855,2021-01-01T00:00:00Z,B0001,EJ-765,109.41,2
856,2021-01-01T00:00:00Z,B0003,GN-964,151.54,3
857,2021-01-01T00:00:00Z,B0002,TB-078,701.25,3
858,2021-01-01T00:00:00Z,B0003,CA-195,992.62,4
859,2021-01-01T00:00:00Z,B0002,GQ-478,767.46,3
860,2021-01-01T00:00:00Z,B0002,QP-055,304.46,4
861,2021-01-01T00:00:00Z,B0002,KH-880,410.31,5
862,2021-01-01T00:00:00Z,B0003,XF-614,418.35,5
863,2021-01-01T00:00:00Z,B0002,ND-239,229.04,2
864,2021-01-01T00:00:00Z,B0001,JB-974,838.13,5
865,2021-01-01T00:00:00Z,B0002,CY-881,700.05,1
866,2021-01-01T00:00:00Z,B0003,YJ-348,843.56,1
867,2021-01-01T00:00:00Z,B0002,SW-890,549.72,4
868,2021-01-01T00:00:00Z,B0001,AV-899,981.25,3
869,2021-01-01T00:00:00Z,B0003,QN-324,403.27,5
870,2021-01-01T00:00:00Z,B0003,EA-572,920.56,4
871,2021-01-01T00:00:00Z,B0001,SV-335,309.24,3
872,2021-01-01T00:00:00Z,B0001,SI-537,282.94,4
873,2021-01-01T00:00:00Z,B0002,KH-616,748.81,4
874,2021-01-01T00:00:00Z,B0003,SX-908,879.72,2
875,2021-01-01T00:00:00Z,B0001,UQ-060,668.83,2
876,2021-01-01T00:00:00Z,B0002,UB-176,213.85,3
877,2021-01-01T00:00:00Z,B0003,TG-675,531.40,5
878,2021-01-01T00:00:00Z,B0003,CT-323,290.62,3
879,2021-01-01T00:00:00Z,B0001,FP-670,853.12,4
880,2021-01-01T00:00:00Z,B0002,FY-688,878.68,1
881,2021-01-01T00:00:00Z,B0002,YQ-724,931.05,3
882,2021-01-01T00:00:00Z,B0001,EH-145,297.69,4
883,2021-01-01T00:00:00Z,B0002,FZ-935,690.99,4
884,2021-01-01T00:00:00Z,B0002,KU-156,475.63,1
885,2021-01-01T00:00:00Z,B0003,YC-517,958.42,3
886,2021-01-01T00:00:00Z,B0002,KB-535,163.81,5
887,2021-01-01T00:00:00Z,B0003,TQ-273,223.01,4
888,2021-01-01T00:00:00Z,B0003,JN-405,827.80,2
889,2021-01-01T00:00:00Z,B0001,ZT-373,669.00,1
890,2021-01-01T00:00:00Z,B0002,WG-498,225.43,4
891,2021-01-01T00:00:00Z,B0001,JR-458,691.60,3
892,2021-01-01T00:00:00Z,B0002,AN-022,222.57,3
893,2021-01-01T00:00:00Z,B0003,FR-797,438.65,5
894,2021-01-01T00:00:00Z,B0002,OD-087,679.86,1
895,2021-01-01T00:00:00Z,B0001,YP-330,797.92,1
896,2021-01-01T00:00:00Z,B0001,KP-938,967.49,2
897,2021-01-01T00:00:00Z,B0001,WX-345,607.98,2
898,2021-01-01T00:00:00Z,B0003,LE-051,935.57,2
899,2021-01-01T00:00:00Z,B0003,WP-816,300.06,2
900,2021-01-01T00:00:00Z,B0003,UC-820,954.21,2
901,2021-01-01T00:00:00Z,B0001,NL-247,803.74,2
902,2021-01-01T00:00:00Z,B0003,NZ-864,796.69,1
903,2021-01-01T00:00:00Z,B0002,FV-690,466.62,4
904,2021-01-01T00:00:00Z,B0003,CB-051,513.36,1
905,2021-01-01T00:00:00Z,B0002,IF-725,876.88,5
906,2021-01-01T00:00:00Z,B0002,XP-375,994.00,1
907,2021-01-01T00:00:00Z,B0003,SE-150,566.53,4
908,2021-01-01T00:00:00Z,B0003,XV-698,539.89,1
909,2021-01-01T00:00:00Z,B0003,DY-368,381.45,4
910,2021-01-01T00:00:00Z,B0003,ZQ-491,259.01,1
911,2021-01-01T00:00:00Z,B0003,QI-531,147.44,4
912,2021-01-01T00:00:00Z,B0001,UG-346,248.66,4
913,2021-01-01T00:00:00Z,B0001,BH-489,159.62,5
914,2021-01-01T00:00:00Z,B0003,EP-095,614.67,4
915,2021-01-01T00:00:00Z,B0002,ZE-044,831.60,4
916,2021-01-01T00:00:00Z,B0001,EU-532,513.04,1
917,2021-01-01T00:00:00Z,B0003,IF-684,218.71,5
918,2021-01-01T00:00:00Z,B0002,XF-544,585.63,5
919,2021-01-01T00:00:00Z,B0002,NY-477,917.48,4
920,2021-01-01T00:00:00Z,B0001,UH-150,408.85,4
921,2021-01-01T00:00:00Z,B0001,EW-689,724.02,1
922,2021-01-01T00:00:00Z,B0003,IT-045,836.89,3
923,2021-01-01T00:00:00Z,B0002,CJ-138,336.43,1
924,2021-01-01T00:00:00Z,B0002,OU-023,785.12,1
925,2021-01-01T00:00:00Z,B0001,NL-761,479.64,4
926,2021-01-01T00:00:00Z,B0001,ME-543,756.53,4
927,2021-01-01T00:00:00Z,B0001,TB-773,485.07,2
928,2021-01-01T00:00:00Z,B0003,EU-272,675.22,1
929,2021-01-01T00:00:00Z,B0003,DI-358,631.75,4
930,2021-01-01T00:00:00Z,B0002,BS-775,293.17,4
931,2021-01-01T00:00:00Z,B0002,CO-524,702.93,1
932,2021-01-01T00:00:00Z,B0001,OD-358,212.73,3
933,2021-01-01T00:00:00Z,B0003,TE-941,235.04,4
934,2021-01-01T00:00:00Z,B0002,NX-420,200.25,5
935,2021-01-01T00:00:00Z,B0001,XK-117,448.81,4
936,2021-01-01T00:00:00Z,B0002,KT-748,857.83,5
937,2021-01-01T00:00:00Z,B0003,DN-600,321.62,4
938,2021-01-01T00:00:00Z,B0001,TN-540,130.16,1
939,2021-01-01T00:00:00Z,B0003,NX-404,477.33,5
940,2021-01-01T00:00:00Z,B0003,MU-545,630.71,3
941,2021-01-01T00:00:00Z,B0003,YO-572,489.16,3
942,2021-01-01T00:00:00Z,B0003,TW-944,992.76,5
943,2021-01-01T00:00:00Z,B0002,VQ-019,513.25,3
944,2021-01-01T00:00:00Z,B0001,SG-772,938.13,5
945,2021-01-01T00:00:00Z,B0003,JD-726,102.85,2
946,2021-01-01T00:00:00Z,B0001,MV-789,692.30,4
947,2021-01-01T00:00:00Z,B0001,JL-387,154.38,3
948,2021-01-01T00:00:00Z,B0003,TM-008,385.42,1
949,2021-01-01T00:00:00Z,B0002,KF-450,751.02,4
950,2021-01-01T00:00:00Z,B0003,NP-141,793.21,3
951,2021-01-01T00:00:00Z,B0001,DG-838,351.54,5
952,2021-01-01T00:00:00Z,B0001,NT-458,966.95,5
953,2021-01-01T00:00:00Z,B0003,EX-519,206.05,1
954,2021-01-01T00:00:00Z,B0001,OA-401,762.33,1
955,2021-01-01T00:00:00Z,B0001,JX-246,442.35,2
956,2021-01-01T00:00:00Z,B0002,QV-223,409.28,1
957,2021-01-01T00:00:00Z,B0003,KR-497,222.35,4
958,2021-01-01T00:00:00Z,B0001,MF-539,538.74,4
959,2021-01-01T00:00:00Z,B0003,GN-260,721.22,2
960,2021-01-01T00:00:00Z,B0001,SK-197,359.10,1
961,2021-01-01T00:00:00Z,B0002,SQ-540,266.83,5
962,2021-01-01T00:00:00Z,B0003,JV-037,188.51,4
963,2021-01-01T00:00:00Z,B0002,FO-606,977.98,3
964,2021-01-01T00:00:00Z,B0001,HL-570,639.37,4
965,2021-01-01T00:00:00Z,B0001,OA-710,520.56,4
966,2021-01-01T00:00:00Z,B0003,WB-576,703.81,2
967,2021-01-01T00:00:00Z,B0001,DQ-847,825.87,1
968,2021-01-01T00:00:00Z,B0003,HL-377,259.89,2
969,2021-01-01T00:00:00Z,B0001,XL-000,388.88,5
970,2021-01-01T00:00:00Z,B0003,LN-865,208.53,3
971,2021-01-01T00:00:00Z,B0003,YP-821,200.82,3
972,2021-01-01T00:00:00Z,B0002,NV-463,299.55,2
973,2021-01-01T00:00:00Z,B0003,XT-487,758.09,4
974,2021-01-01T00:00:00Z,B0001,HT-527,937.72,3
975,2021-01-01T00:00:00Z,B0002,CP-630,758.54,3
976,2021-01-01T00:00:00Z,B0002,DV-180,894.74,2
977,2021-01-01T00:00:00Z,B0001,KC-403,646.47,2
978,2021-01-01T00:00:00Z,B0003,AZ-804,493.21,2
979,2021-01-01T00:00:00Z,B0003,OI-565,542.18,5
980,2021-01-01T00:00:00Z,B0002,DO-078,228.93,3
981,2021-01-01T00:00:00Z,B0003,GM-638,414.88,2
982,2021-01-01T00:00:00Z,B0002,YG-268,159.13,5
983,2021-01-01T00:00:00Z,B0001,RC-977,133.07,1
984,2021-01-01T00:00:00Z,B0003,OH-423,803.99,4
985,2021-01-01T00:00:00Z,B0002,KP-407,253.07,3
986,2021-01-01T00:00:00Z,B0001,OU-430,437.07,3
987,2021-01-01T00:00:00Z,B0001,NZ-834,169.08,2
988,2021-01-01T00:00:00Z,B0001,ZP-489,311.15,1
989,2021-01-01T00:00:00Z,B0002,BA-455,757.26,2
990,2021-01-01T00:00:00Z,B0003,HD-930,336.69,1
991,2021-01-01T00:00:00Z,B0002,AO-126,681.82,3
992,2021-01-01T00:00:00Z,B0001,DG-723,794.91,1
993,2021-01-01T00:00:00Z,B0002,RF-503,725.19,2
994,2021-01-01T00:00:00Z,B0001,KC-835,410.78,5
995,2021-01-01T00:00:00Z,B0002,NJ-728,929.88,4
996,2021-01-01T00:00:00Z,B0003,IA-199,317.58,4
997,2021-01-01T00:00:00Z,B0001,SL-087,360.80,3
998,2021-01-01T00:00:00Z,B0002,VP-926,479.27,5
999,2021-01-01T00:00:00Z,B0003,CX-103,171.00,3
1000,2021-01-01T00:00:00Z,B0003,ZB-335,521.06,1
